MZ	Rtstart	Rtend	Medeviation
132.96207	25	550	50
133.0383	50	700	50
133.0898	100	600	33
133.10493	200	600	34
131.00496	100	650	50
130.99129	100	650	50
130.09015	300	450	32
130.06866	300	450	34
