MZ	Rtstart	Rtend	Medeviation
132.96207	25	550	50
133.0383	50	700	50
133.0898	100	600	33
133.10493	200	600	34
131.00496	100	650	50
130.99129	100	650	50
130.09015	300	450	32
130.06866	300	450	34
61.02846	50	600	19
60.08087	125	131	19
60.08087	137	147	19
481.88699	530	700	53
453.89395	555	695	51
307.08258	35	150	50
