MZ	Rtstart	Rtend	MZdeviation
80.04938	100	1500	22
81.04469	100	1500	22
81.05283	100	1500	22
84.06374	100	1500	22
84.06374	600	750	22
199.16908	100	1500	30
199.18053	1000	1200	30
