MZ	Rtstart	Rtend	MZdeviation
150.1279	1100	2000	30
151.1312	400	2300	30
151.12558	400	2300	30
155.08195	100	1000	25
155.07028	100	1000	25
156.9902	830	970	38
156.98364	830	970	38
156.96581	830	970	38
157.14209	930	960	30
157.13351	930	960	30
158.98578	540	690	30
163.13286	200	1700	30
