MZ	Rtstart	Rtend	Medeviation
122.08136	50	700	30
123.05534	100	800	33
123.08477	50	700	30
134.08122	50	800	35
146.08122	50	800	35
348.07056	50	100	50
372.54501	50	400	50
784.58392	600	800	70
