MZ	Rtstart	Rtend	MZdeviation
104.0706	100	800	30
104.9635	100	800	30
104.9936	200	300	30
104.9936	690	740	30
105.07391	100	700	30
105.06982	100	700	30
122.08106	100	800	30
123.08421	300	700	30
123.0802	300	700	30
123.07854	300	700	30
135.08423	300	700	30
135.07832	300	700	30
808.58264	690	780	86
809.07892	715	805	90
810.59332	724	732	96
811.59668	724	732	96
812.61102	724	732	96
829.7229	780	800	95
829.55115	780	800	95
828.71259	780	800	95
828.5509	780	800	95
