MZ	Rtstart	Rtend	Medeviation
176.1378	700	1100	532
189.13199	700	1400	420
177.14505	550	1200	333
170.12331	700	1110	450
169.96535	1200	1700	450
165.9668	650	1050	450
155.97156	650	1100	430
155.10356	650	1200	740
154.97369	750	1050	360
